Title,Cast and crew
The Grudge,"Nicolas Pesce (director/screenplay); Andrea Riseborough, Demián Bichir, John Cho, Betty Gilpin, Lin Shaye, Jacki Weaver"
Underwater,"William Eubank (director); Brian Duffield, Adam Cozad (screenplay); Kristen Stewart, Vincent Cassel, Jessica Henwick, John Gallagher Jr., Mamoudou Athie, T.J. Miller"
Like a Boss,"Miguel Arteta (director); Sam Pitman, Adam Cole-Kelly (screenplay); Tiffany Haddish, Rose Byrne, Salma Hayek, Jennifer Coolidge, Billy Porter"
Inherit the Viper,"Anthony Jerjen (director); Andrew Crabtree (screenplay); Josh Hartnett, Margarita Levieva, Chandler Riggs, Bruce Dern, Owen Teague"
The Sonata,"Andrew Desmond (director/screenplay); Arthur Morin (screenplay); Freya Tingley, Simon Abkarian, Rutger Hauer, James Faulkner"
The Murder of Nicole Brown Simpson,"Daniel Farrands (director); Michael Arter (screenplay); Mena Suvari, Nick Stahl, Taryn Manning"
Bad Boys for Life,"Adil El Arbi and Bilall Fallah (directors); Chris Bremmer (screenplay); Will Smith, Martin Lawrence, Vanessa Hudgens, Alexander Ludwig, Charles Melton, Paola Núñez, Kate del Castillo, Nicky Jam, Joe Pantoliano"
Dolittle,"Stephen Gaghan (director/screenplay); Dan Gregor, Doug Mand (screenplay); Robert Downey Jr., Antonio Banderas, Michael Sheen, Emma Thompson, Rami Malek, John Cena, Kumail Nanjiani, Octavia Spencer, Tom Holland, Craig Robinson, Ralph Fiennes, Selena Gomez, Marion Cotillard"
The Gentlemen,"Guy Ritchie (director/screenplay); Matthew McConaughey, Charlie Hunnam, Henry Golding, Michelle Dockery, Jeremy Strong, Eddie Marsan, Colin Farrell, Hugh Grant"
The Turning,"Floria Sigismondi (director); Carey Hayes, Chad Hayes (screenplay); Mackenzie Davis, Finn Wolfhard, Brooklynn Prince, Joely Richardson"
The Last Full Measure,"Todd Robinson (director/screenplay); Sebastian Stan, Christopher Plummer, William Hurt, Ed Harris, Samuel L. Jackson, Peter Fonda, LisaGay Hamilton, Jeremy Irvine, Diane Ladd, Amy Madigan, John Savage, Bradley Whitford"
The Night House,"David Bruckner (director); Ben Collins, Luke Piotrowski (screenplay); Rebecca Hall, Sarah Goldberg, Stacy Martin, Evan Jonigkeit, Vondie Curtis-Hall"
John Henry,"Will Forbes (director); Doug Skinner, Will Forbes (screenplay); Terry Crews, Ludacris, Jamila Velazquez, Ken Foree, Tyler Alvarez, Joseph Julian Soria"
The Rhythm Section,"Reed Morano (director); Mark Burnell (screenplay); Blake Lively, Jude Law, Sterling K. Brown"
Gretel & Hansel,"Oz Perkins (director/screenplay); Rob Hayes (screenplay); Sophia Lillis, Sammy Leakey, Charles Babalola, Jessica De Gouw, Alice Krige"
The Assistant,"Kitty Green (director/screenplay); Julia Garner, Matthew Macfadyen"
Birds of Prey,"Cathy Yan (director); Christina Hodson (screenplay); Margot Robbie, Mary Elizabeth Winstead, Jurnee Smollett-Bell, Rosie Perez, Chris Messina, Ella Jay Basco, Ali Wong, Ewan McGregor"
The Lodge,"Veronika Franz, Severin Fiala (directors/screenplay); Sergio Casci (screenplay); Riley Keough, Jaeden Martell, Lia McHugh, Richard Armitage, Alicia Silverstone"
Timmy Failure: Mistakes Were Made,"Tom McCarthy (director/screenplay); Stephan Pastis (screenplay); Winslow Fegley, Ophelia Lovibond, Craig Robinson, Wallace Shawn"
Horse Girl,"Jeff Baena (director/screenplay); Alison Brie (screenplay); Alison Brie, Debby Ryan, John Paul Reynolds, Molly Shannon, John Ortiz, Paul Reiser"
To All the Boys: P.S. I Still Love You,"Michael Fimognari (director); Sofia Alvarez, J. Mills Goodloe (screenplay); Lana Condor, Noah Centineo, Jordan Fisher, Anna Cathcart, John Corbett"
Sonic the Hedgehog,"Jeff Fowler (director); Patrick Casey, Josh Miller (screenplay); James Marsden, Ben Schwartz, Tika Sumpter, Natasha Rothwell, Adam Pally, Neal McDonough, Jim Carrey"
Fantasy Island,"Jeff Wadlow (director/screenplay); Chris Roach, Jillian Jacobs (screenplay); Michael Peña, Maggie Q, Lucy Hale, Austin Stowell, Portia Doubleday, Jimmy O. Yang, Ryan Hansen, Michael Rooker"
The Photograph,"Stella Meghie (director/screenplay); Issa Rae, Lakeith Stanfield, Chelsea Peretti, Lil Rel Howery, Courtney B. Vance"
Downhill,"Nat Faxon, Jim Rash (directors); Jesse Armstrong (screenplay); Julia Louis-Dreyfus, Will Ferrell, Miranda Otto, Zoë Chao, Zach Woods"
The Call of the Wild,"Chris Sanders (director); Michael Green (screenplay); Harrison Ford, Dan Stevens, Omar Sy, Karen Gillan, Bradley Whitford, Colin Woodell"
Emma.,"Autumn de Wilde (director); Eleanor Catton (screenplay); Anya Taylor-Joy, Johnny Flynn, Josh O'Connor, Callum Turner, Mia Goth, Miranda Hart, Bill Nighy"
The Last Thing He Wanted,"Dee Rees (director, screenplay); Marco Villalobos (screenplay); Anne Hathaway, Ben Affleck, Rosie Perez, Edi Gathegi, Mel Rodriguez, Toby Jones, Willem Dafoe"
Brahms: The Boy II,"William Brent Bell (director); Stacey Menear (screenplay); Katie Holmes, Owain Yeoman, Christopher Convery, Ralph Ineson"
The Night Clerk,"Michael Cristofer (director/screenplay); Tye Sheridan, Ana de Armas, Helen Hunt, John Leguizamo"
Impractical Jokers: The Movie,"Chris Henchy (director/screenplay); Brian Quinn, Joe Gatto, Sal Vulcano, James Murray (screenplay); Brian Quinn, Joe Gatto, Sal Vulcano, James Murray, Paula Abdul"
The Invisible Man,"Leigh Whannell (director/screenplay); Elisabeth Moss, Aldis Hodge, Storm Reid, Harriet Dyer, Michael Dorman, Oliver Jackson-Cohen"
All the Bright Places,"Brett Haley (director); Jennifer Niven, Liz Hannah (screenplay); Elle Fanning, Justice Smith, Alexandra Shipp, Keegan-Michael Key, Luke Wilson"
Wendy,"Benh Zeitlin (director/screenplay); Eliza Zeitlin (screenplay); Tommie Lynn Milazzo, Shay Walker"
Guns Akimbo,"Jason Lei Howden (director/screenplay); Daniel Radcliffe, Samara Weaving, Natasha Liu Bordizzo"
Onward,"Dan Scanlon (director/screenplay); Jason Headley, Keith Bunin (screenplay); Tom Holland, Chris Pratt, Julia Louis-Dreyfus, Octavia Spencer"
The Way Back,"Gavin O'Connor (director); Brad Ingelsby (screenplay); Ben Affleck, Al Madrigal, Michaela Watkins, Janina Gavankar, Glynn Turman"
Spenser Confidential,"Peter Berg (director); Sean O'Keefe, Brian Helgeland (screenplay); Mark Wahlberg, Winston Duke, Alan Arkin, Iliza Shlesinger, Bokeem Woodbine, Marc Maron, Austin Post"
The Banker,"George Nolfi (director/screenplay); Niceole Levy (screenplay); Anthony Mackie, Nicholas Hoult, Nia Long, Samuel L. Jackson"
The Burnt Orange Heresy,"Giuseppe Capotondi (director); Scott Smith (screenplay); Claes Bang, Elizabeth Debicki, Mick Jagger, Donald Sutherland"
Swallow,"Carlo Mirabella-Davis (director/screenplay); Haley Bennett, Austin Stowell, Elizabeth Marvel, David Rasche, Denis O'Hare"
First Cow,"Kelly Reichardt (director/screenplay); Jonathan Raymond (screenplay); John Magaro, Orion Hall, René Auberjonois"
Bloodshot,"Dave S. F. Wilson (director); Jeff Wadlow, Eric Heisserer (screenplay); Vin Diesel, Eiza González, Sam Heughan, Toby Kebbell, Lamorne Morris, Guy Pearce"
The Hunt,"Craig Zobel (director); Nick Cuse, Damon Lindelof (screenplay); Betty Gilpin, Ike Barinholtz, Amy Madigan, Emma Roberts, Ethan Suplee, Hilary Swank"
I Still Believe,"Erwin Brothers (directors); Jon Erwin, Jon Gunn (screenplay); KJ Apa, Britt Robertson, Shania Twain, Gary Sinise"
Lost Girls,"Liz Garbus (director); Michael Werwie (screenplay); Amy Ryan, Thomasin McKenzie, Lola Kirke, Oona Laurence, Dean Winters, Miriam Shor, Reed Birney, Kevin Corrigan, Gabriel Byrne"
Stargirl,"Julia Hart (director/screenplay); Kristin Hahn, Jordan Horowitz (screenplay); Grace VanderWaal, Graham Verchere, Giancarlo Esposito"
The Roads Not Taken,"Sally Potter (director/screenplay); Javier Bardem, Elle Fanning, Laura Linney, Salma Hayek"
Never Rarely Sometimes Always,"Eliza Hittman (director/screenplay); Sidney Flanigan, Talia Ryder, Theodore Pellerin, Ryan Eggold, Sharon Van Etten"
Lost Transmissions,"Katharine O'Brien (director/screenplay); Simon Pegg, Juno Temple, Alexandra Daddario, Tao Okamoto, Rosanna Arquette, Bria Vinaite"
Resistance,"Jonathan Jakubowicz (director/screenplay); Jesse Eisenberg, Ed Harris, Clémence Poésy, Matthias Schweighöfer, Félix Moati, Karl Markovics, Vica Kerekes, Bella Ramsey, Édgar Ramírez"
Uncorked,"Prentice Penny (director/screenplay); Mamoudou Athie, Courtney B. Vance, Niecy Nash, Matt McGorry"
Vivarium,"Lorcan Finnegan (director); Imogen Poots, Jesse Eisenberg"
Coffee & Kareem,"Michael Dowse (director); Shane McCarthy (screenplay); Ed Helms, Taraji P. Henson, Betty Gilpin, King Bach, David Alan Grier"
Trolls World Tour,"Walt Dohrn (director); Jonathan Aibel, Glenn Berger, Elizabeth Tippet, Maya Forbes, Wallace Wolodarsky (screenplay); Anna Kendrick, Justin Timberlake, Rachel Bloom, James Corden, Ron Funches, Kelly Clarkson, Anderson Paak, Sam Rockwell, George Clinton, Mary J. Blige"
Love Wedding Repeat,"Dean Craig (director/screenplay); Olivia Munn, Sam Claflin, Freida Pinto, Eleanor Tomlinson, Jack Farthing"
The Main Event,"Jay Karas (director); Larry Postel (screenplay); Seth Carr, Tichina Arnold, Ken Marino, Adam Pally"
We Summon the Darkness,"Marc Meyers (director); Alan Trezza (screenplay); Alexandra Daddario, Keean Johnson, Logan Miller, Maddie Hasson, Amy Forsyth, Austin Swift, Johnny Knoxville"
Corona Zombies,"Charles Band (director/screenplay); Cody Renee Cameron, Russell Coker, Robin Sydney"
Sergio,"Greg Barker (director); Craig Borten (screenplay); Wagner Moura, Ana de Armas, Garret Dillahunt, Brían F. O'Byrne, Clemens Schick, Bradley Whitford"
The Willoughbys,"Kris Pearn (director/screenplay); Mark Stanleigh (screenplay); Will Forte, Maya Rudolph, Alessia Cara, Terry Crews, Martin Short, Jane Krakowski, Ricky Gervais"
Extraction,"Sam Hargrave (director); Joe Russo (screenplay); Chris Hemsworth, Rudhraksh Jaiswal, Randeep Hooda, Golshifteh Farahani, Pankaj Tripathi, David Harbour"
Bad Education,"Cory Finley (director); Mike Makowsky (screenplay); Hugh Jackman, Allison Janney, Geraldine Viswanathan, Alex Wolff, Rafael Casal, Stephen Spinella, Annaleigh Ashford, Ray Romano"
Dangerous Lies,"Michael Scott (director); David Golden (screenplay); Camila Mendes, Jessie T. Usher, Jamie Chung, Cam Gigandet, Sasha Alexander, Elliott Gould"
All Day and a Night,"Joe Robert Cole (director/screenplay); Ashton Sanders, Jeffrey Wright, Yahya Abdul-Mateen II"
The Half of It,"Alice Wu (director/screenplay); Leah Lewis, Daniel Diemer, Alexxis Lemire, Collin Chou"
Valley Girl,"Rachel Lee Goldenberg (director/screenplay); Jessica Rothe, Josh Whitehouse, Mae Whitman, Judy Greer"
Capone,"Josh Trank (director/screenplay); Tom Hardy, Linda Cardellini, Jack Lowden, Noel Fisher, Kyle MacLachlan, Matt Dillon"
The Wrong Missy,"Tyler Spindel (director); Kevin Barnett, Chris Pappas (screenplay); David Spade, Lauren Lapkus, Geoff Pierson, Sarah Chalke, Molly Sims"
Scoob!,"Tony Cervone (director); Adam Sztykiel, Jack Donaldson, Derek Elliott, Matt Lieberman (screenplay); Will Forte, Mark Wahlberg, Jason Isaacs, Gina Rodriguez, Zac Efron, Amanda Seyfried, Kiersey Clemons, Ken Jeong, Tracy Morgan, Frank Welker"
Body Cam,"Malik Vitthal (director); Richmond Riedel (screenplay); Mary J. Blige, Nat Wolff, David Zayas, David Warshofsky, Demetrius Grosse, Anika Noni Rose"
The Lovebirds,"Michael Showalter (director); Aaron Abrams, Brendan Gall (screenplay); Issa Rae, Kumail Nanjiani, Paul Sparks, Anna Camp, Kyle Bornheimer"
Inheritance,"Vaughn Stein (director); Matthew Kennedy (screenplay); Lily Collins, Simon Pegg, Chace Crawford, Connie Nielsen, Patrick Warburton, Adam Beach"
Survive the Night,"Matt Eskandari (director); Doug Wolfe (screenplay); Bruce Willis, Chad Michael Murray"
The High Note,"Nisha Ganatra (director); Flora Greeson (screenplay); Dakota Johnson, Tracee Ellis Ross, Kelvin Harrison Jr., Ice Cube, Zoë Chao, Bill Pullman, Eddie Izzard"
Shirley,"Josephine Decker (director); Sarah Gubbins (screenplay); Elisabeth Moss, Michael Stuhlbarg, Odessa Young, Logan Lerman"
The Last Days of American Crime,"Olivier Megaton (director); Karl Gajdusek (screenplay); Édgar Ramírez, Anna Brewster, Michael Pitt, Sharlto Copley"
Becky,"Jonathan Milott, Cary Murnion (director); Nick Morris, Lane Skye, Ruckus Skye (screenplay); Lulu Wilson, Kevin James, Joel McHale"
Think Like a Dog,"Gil Junger (director/screenplay); Josh Duhamel, Megan Fox"
Artemis Fowl,"Kenneth Branagh (director); Conor McPherson, Hamish McColl (screenplay); Ferdia Shaw, Lara McDonnell, Josh Gad, Tamara Smart, Nonso Anozie, Colin Farrell, Judi Dench"
Da 5 Bloods,"Spike Lee (director/screenplay); Danny Bilson, Paul De Meo, Kevin Willmott (screenplay); Delroy Lindo, Jonathan Majors, Clarke Peters, Norm Lewis, Isiah Whitlock Jr., Mélanie Thierry, Paul Walter Hauser, Jasper Pääkkönen, Jean Reno, Chadwick Boseman"
The King of Staten Island,"Judd Apatow (director/screenplay); Pete Davidson, Dave Sirus (screenplay); Pete Davidson, Marisa Tomei, Bill Burr, Bel Powley, Maude Apatow, Steve Buscemi"
Sniper: Assassin's End,"Kaare Andrews (director); Oliver Thompson (screenplay); Chad Michael Collins, Tom Berenger, Sasha Piltsin, Lochlyn Munro, Ryan Robbins"
You Should Have Left,"David Koepp (director/screenplay); Kevin Bacon, Amanda Seyfried"
Wasp Network,"Olivier Assayas (director/screenplay); Penélope Cruz, Édgar Ramírez, Gael García Bernal, Ana de Armas, Wagner Moura"
7500,Patrick Vollrath (director/screenplay); Joseph Gordon-Levitt
Athlete A,"Bonni Cohen, Jon Shenk (director)"
Eurovision Song Contest: The Story of Fire Saga,"David Dobkin (director); Will Ferrell, Andrew Steele (screenplay); Will Ferrell, Rachel McAdams, Dan Stevens, Demi Lovato, Pierce Brosnan"
Irresistible,"Jon Stewart (director/screenplay); Steve Carell, Chris Cooper, Mackenzie Davis, Topher Grace, Natasha Lyonne, Rose Byrne"
My Spy,"Peter Segal (director); Jon Hoeber, Erich Hoeber (screenplay); Dave Bautista, Chloe Coleman, Kristen Schaal, Ken Jeong"
Hamilton,"Thomas Kail (director); Lin-Manuel Miranda, Phillipa Soo, Leslie Odom Jr., Renée Elise Goldsberry, Christopher Jackson, Daveed Diggs, Okieriete Onaodowan, Anthony Ramos, Jasmine Cephas Jones, Jonathan Groff"
Relic,"Natalie Erika James (director/screenplay); Christian White (screenplay); Emily Mortimer, Robyn Nevin, Bella Heathcote"
Desperados,"LP (director); Ellen Rapoport (screenplay); Anna Camp, Robbie Amell, Nasim Pedrad, Lamorne Morris, Heather Graham, Sarah Burns"
The Old Guard,"Gina Prince-Bythewood (director); Greg Rucka (screenplay); Charlize Theron, KiKi Layne, Marwan Kenzari, Luca Marinelli, Harry Melling, Veronica Ngo, Matthias Schoenaerts, Chiwetel Ejiofor"
Greyhound,"Aaron Schneider (director); Tom Hanks (screenplay); Tom Hanks, Stephen Graham, Rob Morgan, Elisabeth Shue"
Palm Springs,"Max Barbakow (director); Andy Siara (screenplay); Andy Samberg, Cristin Milioti, Peter Gallagher, J. K. Simmons"
Fatal Affair,"Peter Sullivan (director/screenplay); Rasheeda Garner (screenplay); Nia Long, Omar Epps, Stephen Bishop, KJ Smith"
The Silencing,"Robin Pront (director); Micah Ranum (screenplay); Annabelle Wallis, Hero Fiennes-Tiffin, Nikolaj Coster-Waldau"
Animal Crackers,"Scott Christian Sava, Tony Bancroft (directors); Scott Christian Sava, Dean Lorey (screenplay); John Krasinski, Emily Blunt, Ian McKellen, Danny DeVito, Sylvester Stallone, Raven-Symoné, Patrick Warburton"
The Kissing Booth 2,"Vince Marcello (director/screenplay); Jay Arnold (screenplay); Joey King, Joel Courtney, Jacob Elordi, Maisie Richardson-Sellers, Taylor Perez, Molly Ringwald"
The Rental,"Dave Franco (director/screenplay); Joe Swanberg (screenplay); Dan Stevens, Alison Brie, Sheila Vand, Jeremy Allen White, Toby Huss"
Deep Blue Sea 3,"John Pogue (director); Dirk Blackman (screenplay); Tania Raymonde, Nathaniel Buzolic, Emerson Brooks, Bren Foster"
Black Is King,"Beyoncé, Emmanuel Adjei, Blitz Bazawule, Ibra Ake, Jenn Nkiru, Jake Nava, Pierre Debusschere, Dikayl Rimmasch (directors); Beyoncé, Yrsa Daley-Ward, Clover Hope, Andrew Morro (screenplay); Beyoncé"
The Informer,"Andrea Di Stefano (director/screenplay); Matt Cook, Rowan Joffe (screenplay); Joel Kinnaman, Rosamund Pike, Common, Ana de Armas, Clive Owen"
Summerland,"Jessica Swale (director/screenplay); Gemma Arterton, Gugu Mbatha-Raw, Penelope Wilton, Tom Courtenay"
An American Pickle,"Brandon Trost (director); Simon Rich (screenplay); Seth Rogen, Sarah Snook"
The Tax Collector,"David Ayer (director/screenplay); Bobby Soto, Shia LaBeouf, Cinthya Carmona, George Lopez"
Project Power,"Henry Joost, Ariel Schulman (director); Mattson Tomlin (screenplay); Jamie Foxx, Joseph Gordon-Levitt, Dominique Fishback, Rodrigo Santoro, Machine Gun Kelly, Allen Maldonado, Amy Landecker, Courtney B. Vance"
The SpongeBob Movie: Sponge on the Run,"Tim Hill (director/screenplay); Tom Kenny, Bill Fagerbakke, Rodger Bumpass, Clancy Brown, Mr. Lawrence, Jill Talley, Carolyn Lawrence, Mary Jo Catlett, Lori Alan, Matt Berry, Keanu Reeves, Snoop Dogg, Awkwafina, Reggie Watts"
Magic Camp,"Mark Waters (director); Micah Fitzerman-Blue, Noah Harpster, Matt Spicer, Max Winkler, Dan Gregor, Doug Mand (screenplay); Adam DeVine, Gillian Jacobs, Jeffrey Tambor"
Boys State,"Amanda McBaine, Jesse Moss (directors)"
Spree,"Eugene Kotlyarenko (director); Kotlyarenko, Gene McHugh (screenplay); Joe Keery, Sasheer Zamata, Mischa Barton, John DeLuca"
The One and Only Ivan,"Thea Sharrock (director); Mike White (screenplay); Sam Rockwell, Angelina Jolie, Danny DeVito, Helen Mirren, Brooklynn Prince, Ramón Rodríguez, Ariana Greenblatt, Chaka Khan, Ron Funches, Phillipa Soo, Mike White, Bryan Cranston"
Unhinged,"Derrick Borte (director); Carl Ellsworth (screenplay); Russell Crowe, Caren Pistorius, Gabriel Bateman, Jimmi Simpson, Austin P. McKenzie"
Cut Throat City,"RZA (director); Paul Cuschieri (screenplay); Shameik Moore, T.I., Demetrius Shipp Jr., Kat Graham, Wesley Snipes, Terrence Howard, Eiza González, Ethan Hawke"
Tesla,"Michael Almereyda (director/screenplay); Ethan Hawke, Eve Hewson, Ebon Moss-Bachrach, Jim Gaffigan, Kyle MacLachlan"
Words on Bathroom Walls,"Thor Freudenthal (director); Nick Naveda (screenplay); AnnaSophia Robb, Charlie Plummer, Taylor Russell, Andy García, Walton Goggins"
Tenet,"Christopher Nolan (director/screenplay); John David Washington, Robert Pattinson, Elizabeth Debicki, Dimple Kapadia, Martin Donovan, Fiona Dourif, Yuri Kolokolnikov, Himesh Patel, Clémence Poésy, Aaron Taylor-Johnson, Michael Caine, Kenneth Branagh"
Bill & Ted Face the Music,"Dean Parisot (director); Chris Matheson, Ed Solomon (screenplay); Keanu Reeves, Alex Winter, Kristen Schaal, Samara Weaving, Brigette Lundy-Paine, Anthony Carrigan, Erinn Hayes, Jayma Mays, Holland Taylor, Kid Cudi, William Sadler, Jillian Bell"
The New Mutants,"Josh Boone (director/screenplay); Knate Lee (screenplay); Maisie Williams, Anya Taylor-Joy, Charlie Heaton, Alice Braga, Blu Hunt, Henry Zaga, Adam Beach"
The Personal History of David Copperfield,"Armando Iannucci (director/screenplay); Simon Blackwell (screenplay); Dev Patel, Aneurin Barnard, Peter Capaldi, Morfydd Clark, Daisy May Cooper, Rosalind Eleazar, Hugh Laurie, Tilda Swinton, Ben Whishaw, Paul Whitehouse"
Phineas and Ferb the Movie: Candace Against the Universe,"Bob Bowen (director); Dan Povenmire, Jeff ""Swampy"" Marsh, Jon Colton Barry, Jim Bernstein, Joshua Pruett (screenplay); Vincent Martella, Ashley Tisdale, David Errigo Jr., Dee Bradley Baker, Dan Povenmire, Caroline Rhea, Jeff ""Swampy"" Marsh, Alyson Stoner"
Rogue,"M. J. Bassett (director/screenplay); Isabel Bassett (screenplay); Megan Fox, Philip Winchester"
Centigrade,"Brendan Walsh (director/screenplay); Genesis Rodriguez, Vincent Piazza, Louis Cancelmi"
"Love, Guaranteed","Mark Steven Johnson (director); Elizabeth Hackett, Hilary Galanoy (screenplay); Rachael Leigh Cook, Damon Wayans Jr."
Mulan,"Niki Caro (director); Rick Jaffa, Amanda Silver, Laura Hynek, Elizabeth Martin (screenplay); Liu Yifei, Donnie Yen, Tzi Ma, Jason Scott Lee, Yoson An, Ron Yuan, Gong Li, Jet Li"
I'm Thinking of Ending Things,"Charlie Kaufman (director/screenplay); Jesse Plemons, Jessie Buckley, Toni Collette, David Thewlis"
The Owners,"Julius Berg (director/screenplay); Mathieu Gompel (screenplay); Maisie Williams, Sylvester McCoy, Rita Tushingham, Jake Curran, Andrew Ellis, Ian Kenny"
The Babysitter: Killer Queen,"McG (director/screenplay); Dan Lagana (screenplay); Judah Lewis, Emily Alyn Lind, Jenna Ortega, Robbie Amell, Bella Thorne, Samara Weaving"
Unpregnant,"Rachel Lee Goldenberg (director/screenplay); Jennifer Kaytin Robinson (screenplay); Haley Lu Richardson, Barbie Ferreira, Alex MacNicoll, Giancarlo Esposito"
The Broken Hearts Gallery,"Natalie Krinsky (director/screenplay); Geraldine Viswanathan, Dacre Montgomery, Utkarsh Ambudkar, Molly Gordon, Phillipa Soo, Bernadette Peters"
Rent-A-Pal,"Jon Stevenson (director/screenplay); Wil Wheaton, Brian Landis Folkins, Kathleen Brady, Amy Rutledge, Adrian Egolf"
The Devil All the Time,"Antonio Campos (director/screenplay); Paulo Campos (screenplay); Tom Holland, Bill Skarsgård, Riley Keough, Jason Clarke, Sebastian Stan, Haley Bennett, Eliza Scanlen, Mia Wasikowska, Robert Pattinson"
The Secrets We Keep,"Yuval Adler (director/screenplay); Ryan Covington (screenplay); Noomi Rapace, Joel Kinnaman, Chris Messina"
Antebellum,"Gerard Bush, Christopher Renz (directors/screenplay); Janelle Monáe, Eric Lange, Jena Malone, Jack Huston, Kiersey Clemons, Gabourey Sidibe"
The Nest,"Sean Durkin (director/screenplay); Jude Law, Carrie Coon, Charlie Shotwell, Oona Roche, Adeel Akhtar"
Enola Holmes,"Harry Bradbeer (director); Jack Thorne (screenplay); Millie Bobby Brown, Henry Cavill, Sam Claflin, Adeel Akhtar, Fiona Shaw, Frances de la Tour, Louis Partridge, Susie Wokoma, Helena Bonham Carter"
Ava,"Tate Taylor (director); Matthew Newton (screenplay); Jessica Chastain, John Malkovich, Common, Geena Davis, Colin Farrell, Ioan Gruffudd, Joan Chen"
Kajillionaire,"Miranda July (director/screenplay); Evan Rachel Wood, Richard Jenkins, Debra Winger, Gina Rodriguez"
The Last Shift,"Andrew Cohn (director/screenplay); Richard Jenkins, Shane Paul McGhie, Da'Vine Joy Randolph, Birgundi Baker, Allison Tolman, Ed O'Neill"
Secret Society of Second-Born Royals,"Anna Mastro (director); Alex Litvak, Andrew Green (screenplay); Peyton Elizabeth Lee, Skylar Astin, Élodie Yung"
The Boys in the Band,"Joe Mantello (director); Mart Crowley (screenplay); Jim Parsons, Zachary Quinto, Matt Bomer, Andrew Rannells, Charlie Carver, Robin de Jesus, Brian Hutchison, Michael Benjamin Washington, Tuc Watkins"
The Glorias,"Julie Taymor (director/screenplay); Sarah Ruhl (screenplay); Julianne Moore, Alicia Vikander, Timothy Hutton, Lorraine Toussaint, Janelle Monáe, Bette Midler"
Spontaneous,"Brian Duffield (director/screenplay); Katherine Langford, Charlie Plummer, Hayley Law, Piper Perabo, Rob Huebel, Yvonne Orji"
Death of Me,"Darren Lynn Bousman (director); Arli Margolis, James Morley III, David Tish (screenplay); Maggie Q, Alex Essoe, Luke Hemsworth"
Hubie Halloween,"Steven Brill (director); Adam Sandler, Tim Herlihy (screenplay); Adam Sandler, Kevin James, Julie Bowen, Maya Rudolph, Ray Liotta"
Honest Thief,"Mark Williams (director/screenplay); Steve Allrich (screenplay); Liam Neeson, Kate Walsh, Robert Patrick, Anthony Ramos, Jeffrey Donovan, Jai Courtney"
The War with Grandpa,"Tim Hill (director); Tom J. Astle, Matt Ember (screenplay); Robert De Niro, Uma Thurman, Rob Riggle, Oakes Fegley, Cheech Marin, Jane Seymour, Christopher Walken"
Yellow Rose,"Diane Paragas (director/screenplay); Annie J. Howell, Celena Cipriaso (screenplay); Eva Noblezada, Dale Watson, Princess Punzalan, Lea Salonga"
The Trial of the Chicago 7,"Aaron Sorkin (director/screenplay); Yahya Abdul-Mateen II, Sacha Baron Cohen, Danny Flaherty, Joseph Gordon-Levitt, Michael Keaton, Frank Langella, John Carroll Lynch, Eddie Redmayne, Noah Robbins, Mark Rylance, Alex Sharp, Jeremy Strong"
Love and Monsters,"Michael Matthews (director); Matthew Robinson, Brian Duffield (screenplay); Dylan O'Brien, Michael Rooker, Ariana Greenblatt, Jessica Henwick"
Clouds,"Justin Baldoni (director); Kara Holden (screenplay); Fin Argus, Sabrina Carpenter, Madison Iseman, Lil Rel Howery, Neve Campbell, Tom Everett Scott"
The Courier,"Dominic Cooke (director); Tom O’Connor (screenplay); Benedict Cumberbatch, Rachel Brosnahan, Jessie Buckley, Merab Ninidze, Angus Wright"
Rebecca,"Ben Wheatley (director); Jane Goldman, Joe Shrapnel, Anna Waterhouse (screenplay); Lily James, Armie Hammer, Kristin Scott Thomas, Tom Goodman-Hill, Keeley Hawes, Sam Riley, Ann Dowd"
Death on the Nile,"Kenneth Branagh (director); Michael Green (screenplay); Kenneth Branagh, Tom Bateman, Annette Bening, Russell Brand, Ali Fazal, Dawn French, Gal Gadot, Armie Hammer, Rose Leslie, Emma Mackey, Sophie Okonedo, Jennifer Saunders, Letitia Wright"
Connected,"Mike Rianda (director/screenplay); Jeff Rowe (screenplay); Abbi Jacobson, Danny McBride, Maya Rudolph, Mike Rianda, Eric Andre, Olivia Colman, Blake Griffin"
After We Collided,"Roger Kumble (director); Anna Todd, Mario Celaya (screenplay); Josephine Langford, Hero Fiennes Tiffin, Dylan Sprouse, Shane Paul McGhie, Candice King, Khadijha Red Thunder, Inanna Sarkis, Samuel Larsen, Selma Blair"
Friendsgiving,"Nicol Paone (director/screenplay); Malin Åkerman, Kat Dennings, Aisha Tyler, Chelsea Peretti, Ryan Hansen"
Fatale,"Deon Taylor (director); David Loughery (screenplay); Hilary Swank, Michael Ealy, Mike Colter, Geoffrey Owens"
Come Play,"Jacob Chase (director/screenplay); Gillian Jacobs, John Gallagher Jr., Azhy Robertson, Winslow Fegley"
Black Widow,"Cate Shortland (director); Eric Pearson (screenplay); Scarlett Johansson, Florence Pugh, David Harbour, O-T Fagbenle, William Hurt, Ray Winstone, Rachel Weisz"
Let Him Go,"Thomas Bezucha (director/screenplay); Diane Lane, Kevin Costner, Lesley Manville, Will Brittain, Jeffrey Donovan"
Deep Water,"Adrian Lyne (director); Zach Helm, Sam Levinson (screenplay); Ben Affleck, Ana de Armas, Tracy Letts, Rachel Blanchard, Lil Rel Howery, Finn Wittrock, Jacob Elordi, Kristen Connolly, Dash Mihok"
The Comeback Trail,"George Gallo (director/screenplay); Josh Posner (screenplay); Robert De Niro, Tommy Lee Jones, Morgan Freeman, Zach Braff, Emile Hirsch, Eddie Griffin"
Freaky,"Christopher Landon (director/screenplay); Michael Kennedy (screenplay); Vince Vaughn, Kathryn Newton, Celeste O'Connor, Misha Osherovich, Uriah Shelton, Alan Ruck"
No Time to Die,"Cary Joji Fukunaga (director/screenplay); Neal Purvis and Robert Wade, Phoebe Waller-Bridge (screenplay); Daniel Craig, Rami Malek, Léa Seydoux, Lashana Lynch, Ben Whishaw, Naomie Harris, Ana de Armas, Jeffrey Wright, Christoph Waltz, Ralph Fiennes"
Soul,"Pete Docter (director/screenplay); Mike Jones, Kemp Powers, Tina Fey (screenplay); Jamie Foxx, Tina Fey, Questlove, Phylicia Rashad, Daveed Diggs, Angela Bassett"
The Croods: A New Age,"Joel Crawford (director); Kevin Hageman, Dan Hageman (screenplay); Nicolas Cage, Emma Stone, Ryan Reynolds, Peter Dinklage, Leslie Mann, Kelly Marie Tran, Catherine Keener, Clark Duke, Cloris Leachman"
Happiest Season,"Clea DuVall (director/screenplay); Mary Holland (screenplay); Kristen Stewart, Mackenzie Davis, Mary Steenburgen, Victor Garber, Alison Brie, Aubrey Plaza, Dan Levy"
Voyagers,"Neil Burger (director/screenplay); Colin Farrell, Tye Sheridan, Lily-Rose Depp, Fionn Whitehead, Viveik Kalra, Isaac Hempstead Wright"
Ma Rainey's Black Bottom,"George C. Wolfe (director); Ruben Santiago-Hudson (screenplay); Viola Davis, Chadwick Boseman, Glynn Turman, Colman Domingo, Michael Potts, Taylour Paige, Jonny Coyne, Jeremy Shamos"
The Empty Man,"David Prior (director/screenplay); James Badge Dale, Samantha Logan, Stephen Root, Joel Courtney, Marin Ireland, Aaron Poole"
Nomadland,"Chloé Zhao (director/screenplay); Frances McDormand, Linda May, Charlene Swankie, Bob Wells, David Strathairn"
Free Guy,"Shawn Levy (director); Matt Lieberman, Zak Penn (screenplay); Ryan Reynolds, Jodie Comer, Joe Keery, Lil Rel Howery, Utkarsh Ambudkar, Taika Waititi"
The Prom,"Ryan Murphy (director); Chad Beguelin, Bob Martin (screenplay); Jo Ellen Pellman, Meryl Streep, James Corden, Nicole Kidman, Keegan-Michael Key, Andrew Rannells, Ariana DeBose, Kerry Washington"
Dune,"Denis Villeneuve (director/screenplay); Jon Spaihts, Eric Roth (screenplay); Timothée Chalamet, Rebecca Ferguson, Oscar Isaac, Josh Brolin, Stellan Skarsgård, Dave Bautista, Stephen McKinley Henderson, Zendaya, David Dastmalchian, Chang Chen, Sharon Duncan-Brewster, Charlotte Rampling, Jason Momoa, Javier Bardem"
West Side Story,"Steven Spielberg (director); Tony Kushner (screenplay); Ansel Elgort, Rachel Zegler, Ariana DeBose, David Alvarez, Mike Faist, Corey Stoll, Brian d'Arcy James, Maddie Ziegler, Rita Moreno"
Coming 2 America,"Craig Brewer (director); Kenya Barris, Barry W. Blaustein, David Sheffield (screenplay); Eddie Murphy, Jermaine Fowler, Arsenio Hall, Leslie Jones, Shari Headley, John Amos, Tracy Morgan, Wesley Snipes, James Earl Jones"
The Father,"Florian Zeller (director/screenplay); Christopher Hampton (screenplay); Anthony Hopkins, Olivia Colman, Mark Gatiss, Imogen Poots, Rufus Sewell, Olivia Williams"
Wonder Woman 1984,"Patty Jenkins (director/screenplay); Geoff Johns, David Callaham (screenplay); Gal Gadot, Chris Pine, Kristen Wiig, Pedro Pascal, Robin Wright, Connie Nielsen"
News of the World,"Paul Greengrass (director/screenplay); Luke Davies (screenplay); Tom Hanks, Helena Zengel, Neil Sandilands, Thomas Francis Murphy, Mare Winningham"
